warden_name,phone,district,block,machine_count,hostel_names
श्री ब्रजेश वाघेला,9753124558,Dhar,Badnawar,1,शा.आ. सी. बालक छा. बदनावर (वि.ख. उत्कृष्ट)
श्रीमती खजुर भीडे,7354048680,Dhar,Badnawar,2,शा.आ. सी. कन्या छा. संदला | शा.आ. सी. कन्या छा. सन्दला
श्रीमती पवित्रा गिरवाल,9752327172,Dhar,Badnawar,1,"कन्‍या शिक्षा परिसर, बदनावर"
सु.श्री वर्षा डावर,9752146516,Dhar,Badnawar,1,शा.आ. सी. कन्या छा. बदनावर (वि.ख. उत्कृष्ट)
श्री करनसिंह अलावा,8085676635,Dhar,Bagh,1,Tribal boys Samu Welfare center
श्री कसामसिंह कन्‍नोज,8085680496,Dhar,Bagh,1,शा.आ. महा. बालक छा. बाग
श्री भुरसिंह मोरी,9098208760,Dhar,Bagh,1,शा.आ. सी. बालक छा. अखाड़ा
श्री भुवानसिंह मोरी,7089751584,Dhar,Bagh,1,शा.आ. सी. बालक छा. बाग (वि.ख.स्तरीय उत्कृष्ट)
श्री मुकामसिंह चौहान,9691122559,Dhar,Bagh,1,boys ashram bagh
श्री लामसिंह चौहान,7747913780,Dhar,Bagh,1,शा.आ. सी. बालक छा. टाण्डा
श्रीमती पारा डावर,8435971589,Dhar,Bagh,1,शा.आ. सी. कन्या छा. बाग (वि.ख.स्तरीय उत्कृष्ट)
श्रीमती रोशनी अलावा,9755715543,Dhar,Bagh,1,"कन्‍या शिक्षा परिसर, बाग"
श्रीमती संगिता मण्‍डलोई,7869493731,Dhar,Bagh,1,शा.आ. सी. कन्या छा. टाण्डा
अन्तर मंडलोई,7389164969,Dhar,Dahi,1,शा.आ. सी. कन्या छा. डही (वि.ख. उत्कृष्ट)
श्री ईगरसिंह खरते,7773867123,Dhar,Dahi,1,Tribal Boys Samu Welfare center
श्री जुवानसिंह अलावा,9977166248,Dhar,Dahi,1,शा.आ. सी. बालक छा. डही (वि.ख. उत्कृष्ट)
श्री भलसिंह कनेश,9981502277,Dhar,Dahi,1,शा.आ. सी. बालक छा. अराड़ा
श्रीमति सुमित्रा डोडवा,9425033336,Dhar,Dahi,1,Kanya Ashram Umrali
श्री अरूण कुमार पाण्‍डेय,9893376069,Dhar,Dhar,1,शा.आ. सी. बालक छा. घाटाबिल्लोद
श्री गणेश निरंजन,7974113298,Dhar,Dhar,1,"आदर्श आवासी विद्यालय, धार"
श्री ब्रजेश कुमार मीणा,9826451966,Dhar,Dhar,1,शा.आ. सी. बालक छा. केसूर
श्री भगवत प्रसाद लिखारिया,6268281461,Dhar,Dhar,1,शा.आ. सी. बालक छा. धार कर्म.बच्चों हेतु
श्री महिपालसिंह बघेल,9827592239,Dhar,Dhar,1,शा.आ. महा. बालक छा. धार
श्री रंजीत भंवर,9981795794,Dhar,Dhar,1,शा. सीनियर संयुक्‍त बालक छात्रावास
श्री विक्रम ठाकुर,9644503115,Dhar,Dhar,1,शा.आ. सी. बालक छा. धार
श्री विनोद कुमार कुशवाह,9893382824,Dhar,Dhar,1,शा.आ. सी. बालक छा. धार (जिला स्तरीय उत्कृष्ट )
श्रीती शेलम मोर्य,9893647835,Dhar,Dhar,1,शा.आ. सी. कन्या छा. धार (जिला स्तरीय उत्कृष्ट )
श्रीमती अनामिका कोचले,9165848734,Dhar,Dhar,1,"कन्‍या शिक्षा परिसर, धार"
श्रीमती ज्‍योति चौहान,9685359686,Dhar,Dhar,1,शा.आ. सी. संयुक्‍त कन्या छात्रावास
श्रीमती दुर्गा रावत,9685828322,Dhar,Dhar,1,महाविद्यालयीन कन्‍या छात्रावास धार
श्रीमती रेखा मिश्रा,9752245644,Dhar,Dhar,1,शा.आ. सी. कन्या छा. कमला नेहरू धार
श्रीम‍ती संगिता राठौर,8770994268,Dhar,Dhar,1,शा.आ. सी. कन्या छा. कर्म. कन्या धार
श्री आशा भालेरॉव,8720898873,Dhar,Dharampuri,1,Tribal girl ashram kothidah
श्री कन्‍हेया चौहान,9993123960,Dhar,Dharampuri,1,शा.आ. सी. बालक छा. सुन्द्रेल
श्री गब्‍बरसिंह सौलंकी,8878888418,Dhar,Dharampuri,1,शा.आ. सी. बालक छा. खलघाट
श्री छोटु भवेल,9893358036,Dhar,Dharampuri,1,शा.आ. सी. बालक छा. बलवारी
श्री महेश सिंगारे,6260826050,Dhar,Dharampuri,1,शा.आ. सी. बालक छा. कुसुमला
श्री रमेश मोर्य,9584281979,Dhar,Dharampuri,1,शा.आ. सी. बालक छा. धरमपुरी (वि.ख. उत्कृष्ट )
श्री राजेन्‍द्र वास्‍केल,9993106291,Dhar,Dharampuri,1,शा.आ. सी. बालक छा. सेमल्दा
श्री श्रवण बुंदेला,9644896583,Dhar,Dharampuri,1,शा.आ. सी. बालक छा. गुजरी
श्री संजय वास्‍केल,9752934438,Dhar,Dharampuri,1,शा.आ. सी. बालक छा. पगारा
श्रीती रेखा बुंदेला,7049390682,Dhar,Dharampuri,1,"कन्‍या शिक्षा परिसर, धरमपुरी"
श्रीमती कला निनामा,9993874824,Dhar,Dharampuri,1,शा.आ. सी. कन्या छा. कुसुमला
श्रीमती दुर्गा चौहान,9977315608,Dhar,Dharampuri,1,Tribal girl ashram bhawanya
श्रीमती प्रमिला निगवाल,9893788523,Dhar,Dharampuri,1,शा.आ. सी. कन्या छा. धामनोद
श्रीमती प्रेमलता डावर,9755237575,Dhar,Dharampuri,1,शा.आ. सी. कन्या छा. धरमपुरी (वि.ख.उत्कृष्ट )
श्रीमती मुन्‍नी बघेल,7974287279,Dhar,Dharampuri,1,शा.आ. महा. कन्या छा. धरमपुरी
श्री अमरसिंह अलावा,9893858090,Dhar,Gandhwani,1,शा.आ. सी. बालक छा. अवल्दामान
श्री दीपालाल भुरीया,9589867276,Dhar,Gandhwani,1,शा.आ. सी. बालक छा. जीराबाद
श्री हरेसिंह सौलंकी,7748818309,Dhar,Gandhwani,1,शा.आ. सी. बालक छा. गंधवानी (वि.ख. उत्कृष्ट )
श्रीमती सुनिता गणावा,9754248691,Dhar,Gandhwani,1,शा.आ. सी. कन्या छा. गंधवानी (वि.ख.उत्कृष्ट)
श्री कैलाश बघेल,9179309791,Dhar,Kukshi,1,शा.आ. सी. बालक छा. कुक्षी
श्री जितेन्द्र गडवाल,8839023085,Dhar,Kukshi,1,शा.आ. सी. बालक छा. कापसी
श्री भारतसिंह ठाकुर,9981843073,Dhar,Kukshi,1,शा.आ. सी. बालक छा. ढोल्या
श्री राकेश कुमार चौहान,9009673765,Dhar,Kukshi,1,शा.आ. सी. बालक छा. हल्दी
श्री शिवकरण राठौर,7898798081,Dhar,Kukshi,1,शा.आ. सी. बालक छा. कुक्षी (वि.ख.उत्कृष्ट)
श्री सावनसिंह चौहान,9340373456,Dhar,Kukshi,1,शा.आ. सी. बालक छा. खण्डलाई
श्री सुखदेव उपाध्याय,9630900815,Dhar,Kukshi,1,शा.आ. सी. बालक छा. डेहरी
श्री सुरसिंह डोडवे,7389668047,Dhar,Kukshi,1,शा.आ. सी. बालक छा. आली
श्रीमती कमला बघेल,9755789608,Dhar,Kukshi,1,शा.आ. सी. कन्या छा. ढोल्या
श्रीमती केशलता गडवाल,9644199347,Dhar,Kukshi,1,शा.आ. सी. कन्या छा. कुक्षी (वि.ख.उत्कृष्ट)
श्रीमती मुंजुलता डोडवे,9685448998,Dhar,Kukshi,1,विशिष्‍ट कन्‍या क्रीडा परिसर कुक्षी
श्रीमती सुगरा देसाई,9179505287,Dhar,Kukshi,1,शा.आ. सी. कन्या छा. डेहरी
श्रीमती सुनिता गुथरिया,9993547908,Dhar,Kukshi,1,शा.आ. महा. कन्या छा. कुक्षी
श्रीमती सुमित्रा चौहान,9174673731,Dhar,Kukshi,1,शा.आ. सी. कन्या छा. हल्दी
श्री अमीत शर्मा,9893409560,Dhar,Manawar,1,शा.आ. सी. कन्या छा. मनावर (वि.ख.उत्कृष्ट)
श्री इन्दरसिह डावर,8966055651,Dhar,Manawar,1,शा.आ. सी. बालक छा. टोकी
श्री कैलाश निंगवाल,9685221933,Dhar,Manawar,1,शा.आ. सी. बालक छा. सिंघाना
श्री जालीमसिह सोंलकी,9111960071,Dhar,Manawar,1,शा.आ. सी. बालक छा. गणपुर
श्री बल्लुसिह सोलकी,9009108446,Dhar,Manawar,1,शा.आ. सी. बालक छा. खण्डलाई
श्रीमती क्षमा किराडे,9009493341,Dhar,Manawar,1,Tribal girl ashram Rajukhedi
श्रीमती लीला मौर्य,7389862934,Dhar,Manawar,1,Tribal girl ashram manavar
श्रीमती संध्या ठाकुर,9993976282,Dhar,Manawar,1,शा.आ. सी. बालक छा. मनावर (वि.ख.उत्कृष्ट)
Bhuralal Mehra,7089480741,Dhar,Nalchha,1,Tribal boys ashram Titipura madya
Govind Katare,9977508068,Dhar,Nalchha,1,शा.आ. सी. बालक छा. दिग्ठान
Jalamsingh Baghel,9009234122,Dhar,Nalchha,1,Tribal boys ashram saaray madya
Mohan Thakur,9691111427,Dhar,Nalchha,1,Tribal boys ashram Meghapura
Prakash Thakur,9165069338,Dhar,Nalchha,1,शा.आ. सी. बालक छा. बगड़ी ़-2
Pyarsing Maliwad,7772948017,Dhar,Nalchha,1,Tribal boys ashram Malipura madya
Sharda Alawa,8462857180,Dhar,Nalchha,1,"कन्‍या शिक्षा परिसर, नालछा"
Smt Mangla Ninama,7697389187,Dhar,Nalchha,2,Tribal girl ashram mandav | Tribal girl ashram nalcha
Smt Prem Bhaskar,8889271598,Dhar,Nalchha,1,शा.आ. सी. कन्या छा. नालछा (वि.ख. उत्कृष्ट)
Tejmal Kanel,7999799149,Dhar,Nalchha,1,शा.आ. सी. बालक छा. नालछा (वि.ख. उत्कृष्ट)
श्री रामूकास्डे,9993166060,Dhar,Nalchha,1,शा.आ. सी. बालक छा. सागोर
कपिल मौर्य,9893121714,Dhar,Nisarpur,1,Tribal boys ashram susari
कुंवरसिंह सोलंकी,9179888256,Dhar,Nisarpur,1,शा.आ. सी. बालक छा. लिंगवा
बहादुरसिंह डावर,9630502564,Dhar,Nisarpur,1,शा.आ. सी. बालक छा. निम्बोल
मुकाम सिंह जमरा,9893035043,Dhar,Nisarpur,1,शा.आ. सी. बालक छा. लोहारी क्र.-2
रामसिंह बघेल,9926477439,Dhar,Nisarpur,1,शा.आ. सी. बालक छा. निसरपुर (वि.ख.उत्कृष्ट)
श्रीमती केशर बघेल,8349472320,Dhar,Nisarpur,1,शा.आ. सी. कन्या छा. चिखल्दा
श्रीमती बबीता चौहान,9993142637,Dhar,Nisarpur,2,"कन्‍या शिक्षा परिसर, निसरपुर | शा.आ. सी. कन्या छा. निसरपुर (वि.ख. उत्कृष्ट)"
श्रीमती बबीता सोलंकी,9165290289,Dhar,Nisarpur,1,Sha Tribal girl ashram susari
श्रीमती लक्ष्‍मी सौलंकी,9752202874,Dhar,Nisarpur,1,Sha Tribal girl ashram nisarpur
सहादरसिंह डावर,9685449350,Dhar,Nisarpur,1,शा.आ. सी. बालक छा. लोहारी क्र.-1
सागरसिंह मंडलोई,9630671256,Dhar,Nisarpur,1,शा.आ. सी. बालक छा. सुसारी
Devkanya Mavi,7771092109,Dhar,Sardarpur,1,शा.आ. सी. कन्या छा. राजौद़
Ramkishan baberiya,8085464229,Dhar,Sardarpur,1,शा.आ. सी. बालक छा. राजगढ़
kalya Patel,8827955486,Dhar,Sardarpur,1,शा.आ. सी. बालक छा. अमझेरा
अमिता परमार,8839147712,Dhar,Sardarpur,1,शा.आ. सी. कन्या छा. राजगढ़
इ्न्‍दर सिह मकवाना,9893004481,Dhar,Sardarpur,1,शा.आ. सी. बालक छा. तिरला
ओमप्रकाश हिरवे,9165314496,Dhar,Sardarpur,1,शा.आ. सी. बालक छा. बरमंडल
कालुराम मछार,9755714843,Dhar,Sardarpur,1,शा.आ. सी. बालक छा. रिंगनोद
कुसुम पटेल,7987329678,Dhar,Sardarpur,1,शा.आ. सी. कन्या छा. सरदारपुर (वि.ख.उत्कृष्ट)
गुलाबसिंह रावत,9754333294,Dhar,Sardarpur,1,Samudayik Center Dattigaon
नरेन्‍द्र सिह डांगी,9752102159,Dhar,Sardarpur,1,बालक क्रीडा परिसर सरदारपुर
मनीला ग्रेवाल,7828053179,Dhar,Sardarpur,1,शा.आ. महा. कन्या छा. सरदारपुर
महेश सोलंकी,9575760136,Dhar,Sardarpur,1,शा.आ. सी. बालक छा. राजौद
रायसिंग निनामा,9685666849,Dhar,Sardarpur,1,शा.आ. सी. बालक छा. दत्तीगांव
रेलम रावत,9826440590,Dhar,Sardarpur,1,"कन्‍या शिक्षा परिसर, सरदारपुर"
विजय सिह वसुनिया,9165980334,Dhar,Sardarpur,1,शा.आ. महा. बालक छा. सरदारपुर
शंकर सिंह चौहान,7697984227,Dhar,Sardarpur,1,शा.आ. सी. बालक छा. दसई
श्री अमरसिह चौहान,6261252489,Dhar,Sardarpur,1,शा.आ. सी. बालक छा. बडोदिया
श्री राजेश झनिया,9752794743,Dhar,Sardarpur,1,शा.आ. सी. बालक छा. सरदारपुर (वि.ख.उत्कृष्ट)
समन्दा वाखला,9589710481,Dhar,Sardarpur,1,Tribal Kanya Ashram Shala Amzera
श्री जीवन मकवाना,9926045574,Dhar,Tirla,1,boys Ashram Chalkala
श्री भारतसिंह मण्डलोई,9424844808,Dhar,Tirla,1,boys Ashram Small Umaria
श्री रमेश मण्डलोई,8827060193,Dhar,Tirla,1,शा.आ. सी. बालक छा. तिरला (वि.ख.उत्कृष्ट)
श्रीमती रंजना चैहान,9009663702,Dhar,Tirla,1,Ganganagar Kanya Ashram
श्रीमती राधा परमार,8817768682,Dhar,Tirla,1,Kanya Ashram Ukala
श्रीमती शोभा ओसारी,8839648283,Dhar,Tirla,1,Kanya Ashram Anjanai
श्रीमती सुगना चैहान,7049063535,Dhar,Tirla,1,शा.आ. सी. कन्या छा. तिरला (वि.ख. उत्कृष्ट)
श्री दयाराम रावत,9589890624,Dhar,Umarban,1,शा.आ. सी. बालक छा. उमरबन (वि.ख.उत्कृष्ट)
श्रीमती दुर्गा वास्केल,7354720294,Dhar,Umarban,1,शा.आ. सी. कन्या छा. उमरबन (वि.ख.उत्कृष्ट)
श्रीमती बनकु सिसोदिया,9907309460,Dhar,Umarban,1,"कन्‍या शिक्षा परिसर, उमरबन"
श्रीमती रेखा कनेल,8120507375,Dhar,Umarban,1,Tribal girl ashram ahirwas
Rampyari Patel,9926370754,Dhar,tirla,1,"कन्‍या शिक्षा परिसर, तिरला"
