row_no,district,block,project_area,hostel_name,institution_type,warden_name,phone
1,Dhar,Badnawar,Badnawar,"कन्‍या शिक्षा परिसर, बदनावर",KSP,श्रीमती पवित्रा गिरवाल,9752327172
2,Dhar,Badnawar,Badnawar,शा.आ. सी. कन्या छा. संदला,Senior Girls,श्रीमती खजुर भीडे,7354048680
3,Dhar,Badnawar,Badnawar,शा.आ. सी. कन्या छा. सन्दला,Senior Girls,श्रीमती खजुर भीडे,7354048680
4,Dhar,Badnawar,Badnawar,शा.आ. सी. बालक छा. बदनावर (वि.ख. उत्कृष्ट),Excilence,श्री ब्रजेश वाघेला,9753124558
5,Dhar,Badnawar,Badnawar,शा.आ. सी. कन्या छा. बदनावर (वि.ख. उत्कृष्ट),Excilence,सु.श्री वर्षा डावर,9752146516
6,Dhar,Bagh,Kushi,"कन्‍या शिक्षा परिसर, बाग",KSP,श्रीमती रोशनी अलावा,9755715543
7,Dhar,Bagh,Kushi,boys ashram bagh,ashram,श्री मुकामसिंह चौहान,9691122559
8,Dhar,Bagh,Kushi,Tribal boys Samu Welfare center,ashram,श्री करनसिंह अलावा,8085676635
9,Dhar,Bagh,Kushi,शा.आ. महा. बालक छा. बाग,Mahavidhyaly,श्री कसामसिंह कन्‍नोज,8085680496
10,Dhar,Bagh,Kushi,शा.आ. सी. कन्या छा. टाण्डा,Senior Girls,श्रीमती संगिता मण्‍डलोई,7869493731
11,Dhar,Bagh,Kushi,शा.आ. सी. बालक छा. बाग (वि.ख.स्तरीय उत्कृष्ट),Excilence,श्री भुवानसिंह मोरी,7089751584
12,Dhar,Bagh,Kushi,शा.आ. सी. कन्या छा. बाग (वि.ख.स्तरीय उत्कृष्ट),Excilence,श्रीमती पारा डावर,8435971589
13,Dhar,Bagh,Kushi,शा.आ. सी. बालक छा. टाण्डा,Senior boys,श्री लामसिंह चौहान,7747913780
14,Dhar,Bagh,Kushi,शा.आ. सी. बालक छा. अखाड़ा,Senior boys,श्री भुरसिंह मोरी,9098208760
15,Dhar,Dahi,Kushi,Kanya Ashram Umrali,ashram,श्रीमति सुमित्रा डोडवा,9425033336
16,Dhar,Dahi,Kushi,Tribal Boys Samu Welfare center,ashram,श्री ईगरसिंह खरते,7773867123
17,Dhar,Dahi,Kushi,शा.आ. सी. कन्या छा. डही (वि.ख. उत्कृष्ट),Excilence,अन्तर मंडलोई,7389164969
18,Dhar,Dahi,Kushi,शा.आ. सी. बालक छा. अराड़ा,Senior boys,श्री भलसिंह कनेश,9981502277
19,Dhar,Dahi,Kushi,शा.आ. सी. बालक छा. डही (वि.ख. उत्कृष्ट),Excilence,श्री जुवानसिंह अलावा,9977166248
20,Dhar,Dhar,Dhar,"कन्‍या शिक्षा परिसर, धार",KSP,श्रीमती अनामिका कोचले,9165848734
21,Dhar,Dhar,Dhar,"आदर्श आवासी विद्यालय, धार",Modal School,श्री गणेश निरंजन,7974113298
23,Dhar,Dhar,Dhar,शा.आ. महा. बालक छा. धार,Mahavidhyaly,श्री महिपालसिंह बघेल,9827592239
24,Dhar,Dhar,Dhar,महाविद्यालयीन कन्‍या छात्रावास धार,Mahavidhyaly,श्रीमती दुर्गा रावत,9685828322
25,Dhar,Dhar,Dhar,शा.आ. सी. संयुक्‍त कन्या छात्रावास,Senior Girls,श्रीमती ज्‍योति चौहान,9685359686
26,Dhar,Dhar,Dhar,शा.आ. सी. कन्या छा. कमला नेहरू धार,Senior Girls,श्रीमती रेखा मिश्रा,9752245644
27,Dhar,Dhar,Dhar,शा.आ. सी. कन्या छा. कर्म. कन्या धार,Senior Girls,श्रीम‍ती संगिता राठौर,8770994268
28,Dhar,Dhar,Dhar,शा.आ. सी. कन्या छा. धार (जिला स्तरीय उत्कृष्ट ),Excilence,श्रीती शेलम मोर्य,9893647835
29,Dhar,Dhar,Dhar,शा.आ. सी. बालक छा. धार (जिला स्तरीय उत्कृष्ट ),Excilence,श्री विनोद कुमार कुशवाह,9893382824
30,Dhar,Dhar,Dhar,शा.आ. सी. बालक छा. घाटाबिल्लोद,Senior boys,श्री अरूण कुमार पाण्‍डेय,9893376069
31,Dhar,Dhar,Dhar,शा.आ. सी. बालक छा. केसूर,Senior boys,श्री ब्रजेश कुमार मीणा,9826451966
32,Dhar,Dhar,Dhar,शा. सीनियर संयुक्‍त बालक छात्रावास,Senior boys,श्री रंजीत भंवर,9981795794
33,Dhar,Dhar,Dhar,शा.आ. सी. बालक छा. धार,Senior boys,श्री विक्रम ठाकुर,9644503115
34,Dhar,Dhar,Dhar,शा.आ. सी. बालक छा. धार कर्म.बच्चों हेतु,Senior boys,श्री भगवत प्रसाद लिखारिया,6268281461
35,Dhar,Dharampuri,Kushi,शा.आ. सी. कन्या छा. धामनोद,Senior Girls,श्रीमती प्रमिला निगवाल,9893788523
36,Dhar,Dharampuri,Kushi,"कन्‍या शिक्षा परिसर, धरमपुरी",KSP,श्रीती रेखा बुंदेला,7049390682
37,Dhar,Dharampuri,Kushi,Tribal girl ashram kothidah,ashram,श्री आशा भालेरॉव,8720898873
38,Dhar,Dharampuri,Kushi,Tribal girl ashram bhawanya,ashram,श्रीमती दुर्गा चौहान,9977315608
39,Dhar,Dharampuri,Kushi,शा.आ. महा. कन्या छा. धरमपुरी,Mahavidhyaly,श्रीमती मुन्‍नी बघेल,7974287279
40,Dhar,Dharampuri,Kushi,शा.आ. सी. कन्या छा. कुसुमला,Senior Girls,श्रीमती कला निनामा,9993874824
41,Dhar,Dharampuri,Kushi,शा.आ. सी. कन्या छा. धरमपुरी (वि.ख.उत्कृष्ट ),Excilence,श्रीमती प्रेमलता डावर,9755237575
42,Dhar,Dharampuri,Kushi,शा.आ. सी. बालक छा. धरमपुरी (वि.ख. उत्कृष्ट ),Excilence,श्री रमेश मोर्य,9584281979
43,Dhar,Dharampuri,Kushi,शा.आ. सी. बालक छा. बलवारी,Senior boys,श्री छोटु भवेल,9893358036
44,Dhar,Dharampuri,Kushi,शा.आ. सी. बालक छा. कुसुमला,Senior boys,श्री महेश सिंगारे,6260826050
45,Dhar,Dharampuri,Kushi,शा.आ. सी. बालक छा. खलघाट,Senior boys,श्री गब्‍बरसिंह सौलंकी,8878888418
46,Dhar,Dharampuri,Kushi,शा.आ. सी. बालक छा. गुजरी,Senior boys,श्री श्रवण बुंदेला,9644896583
47,Dhar,Dharampuri,Kushi,शा.आ. सी. बालक छा. पगारा,Senior boys,श्री संजय वास्‍केल,9752934438
48,Dhar,Dharampuri,Kushi,शा.आ. सी. बालक छा. सुन्द्रेल,Senior boys,श्री कन्‍हेया चौहान,9993123960
49,Dhar,Dharampuri,Kushi,शा.आ. सी. बालक छा. सेमल्दा,Senior boys,श्री राजेन्‍द्र वास्‍केल,9993106291
50,Dhar,Gandhwani,Kushi,शा.आ. सी. बालक छा. गंधवानी (वि.ख. उत्कृष्ट ),Excilence,श्री हरेसिंह सौलंकी,7748818309
51,Dhar,Gandhwani,Kushi,शा.आ. सी. कन्या छा. गंधवानी (वि.ख.उत्कृष्ट),Excilence,श्रीमती सुनिता गणावा,9754248691
52,Dhar,Gandhwani,Kushi,शा.आ. सी. बालक छा. जीराबाद,Senior boys,श्री दीपालाल भुरीया,9589867276
53,Dhar,Gandhwani,Kushi,शा.आ. सी. बालक छा. अवल्दामान,Senior boys,श्री अमरसिंह अलावा,9893858090
54,Dhar,Kukshi,Kushi,विशिष्‍ट कन्‍या क्रीडा परिसर कुक्षी,Krida Parisar,श्रीमती मुंजुलता डोडवे,9685448998
55,Dhar,Kukshi,Kushi,शा.आ. महा. कन्या छा. कुक्षी,Mahavidhyaly,श्रीमती सुनिता गुथरिया,9993547908
56,Dhar,Kukshi,Kushi,शा.आ. सी. कन्या छा. डेहरी,Senior Girls,श्रीमती सुगरा देसाई,9179505287
57,Dhar,Kukshi,Kushi,शा.आ. सी. कन्या छा. ढोल्या,Senior Girls,श्रीमती कमला बघेल,9755789608
58,Dhar,Kukshi,Kushi,शा.आ. सी. कन्या छा. हल्दी,Senior Girls,श्रीमती सुमित्रा चौहान,9174673731
59,Dhar,Kukshi,Kushi,शा.आ. सी. बालक छा. कुक्षी (वि.ख.उत्कृष्ट),Excilence,श्री शिवकरण राठौर,7898798081
60,Dhar,Kukshi,Kushi,शा.आ. सी. कन्या छा. कुक्षी (वि.ख.उत्कृष्ट),Excilence,श्रीमती केशलता गडवाल,9644199347
61,Dhar,Kukshi,Kushi,शा.आ. सी. बालक छा. डेहरी,Senior boys,श्री सुखदेव उपाध्याय,9630900815
62,Dhar,Kukshi,Kushi,शा.आ. सी. बालक छा. ढोल्या,Senior boys,श्री भारतसिंह ठाकुर,9981843073
63,Dhar,Kukshi,Kushi,शा.आ. सी. बालक छा. हल्दी,Senior boys,श्री राकेश कुमार चौहान,9009673765
64,Dhar,Kukshi,Kushi,शा.आ. सी. बालक छा. कापसी,Senior boys,श्री जितेन्द्र गडवाल,8839023085
65,Dhar,Kukshi,Kushi,शा.आ. सी. बालक छा. खण्डलाई,Senior boys,श्री सावनसिंह चौहान,9340373456
66,Dhar,Kukshi,Kushi,शा.आ. सी. बालक छा. आली,Senior boys,श्री सुरसिंह डोडवे,7389668047
67,Dhar,Kukshi,Kushi,शा.आ. सी. बालक छा. कुक्षी,Senior boys,श्री कैलाश बघेल,9179309791
68,Dhar,Manawar,Kushi,Tribal girl ashram Rajukhedi,ashram,श्रीमती क्षमा किराडे,9009493341
69,Dhar,Manawar,Kushi,Tribal girl ashram manavar,ashram,श्रीमती लीला मौर्य,7389862934
70,Dhar,Manawar,Kushi,शा.आ. सी. कन्या छा. मनावर (वि.ख.उत्कृष्ट),Excilence,श्री अमीत शर्मा,9893409560
71,Dhar,Manawar,Kushi,शा.आ. सी. बालक छा. मनावर (वि.ख.उत्कृष्ट),Excilence,श्रीमती संध्या ठाकुर,9993976282
72,Dhar,Manawar,Kushi,शा.आ. सी. बालक छा. गणपुर,Senior boys,श्री जालीमसिह सोंलकी,9111960071
73,Dhar,Manawar,Kushi,शा.आ. सी. बालक छा. टोकी,Senior boys,श्री इन्दरसिह डावर,8966055651
74,Dhar,Manawar,Kushi,शा.आ. सी. बालक छा. खण्डलाई,Senior boys,श्री बल्लुसिह सोलकी,9009108446
75,Dhar,Manawar,Kushi,शा.आ. सी. बालक छा. सिंघाना,Senior boys,श्री कैलाश निंगवाल,9685221933
76,Dhar,Nalchha,Dhar,शा.आ. सी. बालक छा. सागोर,Senior boys,श्री रामूकास्डे,9993166060
77,Dhar,Nalchha,Dhar,"कन्‍या शिक्षा परिसर, नालछा",KSP,Sharda Alawa,8462857180
78,Dhar,Nalchha,Dhar,Tribal girl ashram mandav,ashram,Smt Mangla Ninama,7697389187
79,Dhar,Nalchha,Dhar,Tribal boys ashram Meghapura,ashram,Mohan Thakur,9691111427
80,Dhar,Nalchha,Dhar,Tribal boys ashram Titipura madya,ashram,Bhuralal Mehra,7089480741
81,Dhar,Nalchha,Dhar,Tribal boys ashram saaray madya,ashram,Jalamsingh Baghel,9009234122
82,Dhar,Nalchha,Dhar,Tribal boys ashram Malipura madya,ashram,Pyarsing Maliwad,7772948017
83,Dhar,Nalchha,Dhar,Tribal girl ashram nalcha,ashram,Mangla Ninama,7697389187
84,Dhar,Nalchha,Dhar,शा.आ. सी. कन्या छा. नालछा (वि.ख. उत्कृष्ट),Excilence,Smt Prem Bhaskar,8889271598
85,Dhar,Nalchha,Dhar,शा.आ. सी. बालक छा. नालछा (वि.ख. उत्कृष्ट),Excilence,Tejmal Kanel,7999799149
86,Dhar,Nalchha,Dhar,शा.आ. सी. बालक छा. बगड़ी ़-2,Senior boys,Prakash Thakur,9165069338
87,Dhar,Nalchha,Dhar,शा.आ. सी. बालक छा. दिग्ठान,Senior boys,Govind Katare,9977508068
88,Dhar,Nisarpur,Kushi,शा.आ. सी. कन्या छा. चिखल्दा,Senior Girls,श्रीमती केशर बघेल,8349472320
89,Dhar,Nisarpur,Kushi,"कन्‍या शिक्षा परिसर, निसरपुर",KSP,श्रीमती बबीता चौहान,9993142637
90,Dhar,Nisarpur,Kushi,Sha Tribal girl ashram nisarpur,ashram,श्रीमती लक्ष्‍मी सौलंकी,9752202874
91,Dhar,Nisarpur,Kushi,Tribal boys ashram susari,ashram,कपिल मौर्य,9893121714
92,Dhar,Nisarpur,Kushi,Sha Tribal girl ashram susari,ashram,श्रीमती बबीता सोलंकी,9165290289
93,Dhar,Nisarpur,Kushi,शा.आ. सी. कन्या छा. निसरपुर (वि.ख. उत्कृष्ट),Excilence,श्रीमती बबीता चौहान,9993142637
94,Dhar,Nisarpur,Kushi,शा.आ. सी. बालक छा. निसरपुर (वि.ख.उत्कृष्ट),Excilence,रामसिंह बघेल,9926477439
95,Dhar,Nisarpur,Kushi,शा.आ. सी. बालक छा. लिंगवा,Senior boys,कुंवरसिंह सोलंकी,9179888256
96,Dhar,Nisarpur,Kushi,शा.आ. सी. बालक छा. लोहारी क्र.-1,Senior boys,सहादरसिंह डावर,9685449350
97,Dhar,Nisarpur,Kushi,शा.आ. सी. बालक छा. लोहारी क्र.-2,Senior boys,मुकाम सिंह जमरा,9893035043
98,Dhar,Nisarpur,Kushi,शा.आ. सी. बालक छा. निम्बोल,Senior boys,बहादुरसिंह डावर,9630502564
99,Dhar,Nisarpur,Kushi,शा.आ. सी. बालक छा. सुसारी,Senior boys,सागरसिंह मंडलोई,9630671256
100,Dhar,Sardarpur,Dhar,"कन्‍या शिक्षा परिसर, सरदारपुर",KSP,रेलम रावत,9826440590
101,Dhar,Sardarpur,Dhar,बालक क्रीडा परिसर सरदारपुर,Krida Parisar,नरेन्‍द्र सिह डांगी,9752102159
102,Dhar,Sardarpur,Dhar,Tribal Kanya Ashram Shala Amzera,ashram,समन्दा वाखला,9589710481
103,Dhar,Sardarpur,Dhar,Samudayik Center Dattigaon,ashram,गुलाबसिंह रावत,9754333294
104,Dhar,Sardarpur,Dhar,शा.आ. महा. कन्या छा. सरदारपुर,Mahavidhyaly,मनीला ग्रेवाल,7828053179
105,Dhar,Sardarpur,Dhar,शा.आ. महा. बालक छा. सरदारपुर,Mahavidhyaly,विजय सिह वसुनिया,9165980334
106,Dhar,Sardarpur,Dhar,शा.आ. सी. कन्या छा. राजगढ़,Senior Girls,अमिता परमार,8839147712
107,Dhar,Sardarpur,Dhar,शा.आ. सी. कन्या छा. राजौद़,Senior Girls,Devkanya Mavi,7771092109
108,Dhar,Sardarpur,Dhar,शा.आ. सी. कन्या छा. सरदारपुर (वि.ख.उत्कृष्ट),Excilence,कुसुम पटेल,7987329678
109,Dhar,Sardarpur,Dhar,शा.आ. सी. बालक छा. सरदारपुर (वि.ख.उत्कृष्ट),Excilence,श्री राजेश झनिया,9752794743
110,Dhar,Sardarpur,Dhar,शा.आ. सी. बालक छा. बरमंडल,Senior boys,ओमप्रकाश हिरवे,9165314496
111,Dhar,Sardarpur,Dhar,शा.आ. सी. बालक छा. बडोदिया,Senior boys,श्री अमरसिह चौहान,6261252489
112,Dhar,Sardarpur,Dhar,शा.आ. सी. बालक छा. तिरला,Senior boys,इ्न्‍दर सिह मकवाना,9893004481
113,Dhar,Sardarpur,Dhar,शा.आ. सी. बालक छा. दत्तीगांव,Senior boys,रायसिंग निनामा,9685666849
114,Dhar,Sardarpur,Dhar,शा.आ. सी. बालक छा. दसई,Senior boys,शंकर सिंह चौहान,7697984227
115,Dhar,Sardarpur,Dhar,शा.आ. सी. बालक छा. अमझेरा,Senior boys,kalya Patel,8827955486
116,Dhar,Sardarpur,Dhar,शा.आ. सी. बालक छा. राजगढ़,Senior boys,Ramkishan baberiya,8085464229
117,Dhar,Sardarpur,Dhar,शा.आ. सी. बालक छा. राजौद,Senior boys,महेश सोलंकी,9575760136
118,Dhar,Sardarpur,Dhar,शा.आ. सी. बालक छा. रिंगनोद,Senior boys,कालुराम मछार,9755714843
119,Dhar,tirla,Dhar,"कन्‍या शिक्षा परिसर, तिरला",KSP,Rampyari Patel,9926370754
120,Dhar,Tirla,Dhar,Kanya Ashram Ukala,ashram,श्रीमती राधा परमार,8817768682
121,Dhar,Tirla,Dhar,boys Ashram Small Umaria,ashram,श्री भारतसिंह मण्डलोई,9424844808
122,Dhar,Tirla,Dhar,Kanya Ashram Anjanai,ashram,श्रीमती शोभा ओसारी,8839648283
123,Dhar,Tirla,Dhar,boys Ashram Chalkala,ashram,श्री जीवन मकवाना,9926045574
124,Dhar,Tirla,Dhar,Ganganagar Kanya Ashram,ashram,श्रीमती रंजना चैहान,9009663702
125,Dhar,Tirla,Dhar,शा.आ. सी. कन्या छा. तिरला (वि.ख. उत्कृष्ट),Excilence,श्रीमती सुगना चैहान,7049063535
126,Dhar,Tirla,Dhar,शा.आ. सी. बालक छा. तिरला (वि.ख.उत्कृष्ट),Excilence,श्री रमेश मण्डलोई,8827060193
127,Dhar,Umarban,Kushi,"कन्‍या शिक्षा परिसर, उमरबन",KSP,श्रीमती बनकु सिसोदिया,9907309460
128,Dhar,Umarban,Kushi,Tribal girl ashram ahirwas,ashram,श्रीमती रेखा कनेल,8120507375
129,Dhar,Umarban,Kushi,शा.आ. सी. बालक छा. उमरबन (वि.ख.उत्कृष्ट),Excilence,श्री दयाराम रावत,9589890624
130,Dhar,Umarban,Kushi,शा.आ. सी. कन्या छा. उमरबन (वि.ख.उत्कृष्ट),Excilence,श्रीमती दुर्गा वास्केल,7354720294
